{
  "project_info": {
    "project_number": "431644826545",
    "firebase_url": "https://ordernow2-62bed.firebaseio.com",
    "project_id": "ordernow2-62bed",
    "storage_bucket": "ordernow2-62bed.appspot.com"
  },
  "client": [
    {
      "client_info": {
        "mobilesdk_app_id": "1:431644826545:android:9e93c27c0c962df9",
        "android_client_info": {
          "package_name": "com.example.ordernow"
        }
      },
      "oauth_client": [
        {
          "client_id": "431644826545-4i3329r5ouuva3upbk0jau2nev6g0a5l.apps.googleusercontent.com",
          "client_type": 1,
          "android_info": {
            "package_name": "com.exemple.ordernow",
            "certificate_hash": "dc271e203b941bd62217e04b2bddfa7b5ab9c8e0"
          }
        },
        {
          "client_id": "431644826545-fgmcc0649arr0k63kuuv318glcds95bi.apps.googleusercontent.com",
          "client_type": 3
        }
      ],
      "api_key": [
        {
          "current_key": "AIzaSyAiHpBRqExidKYe04hN7i0JqHpE-ROFtSQ"
        }
      ],
      "services": {
        "appinvite_service": {
          "other_platform_oauth_client": [
            {
              "client_id": "431644826545-fgmcc0649arr0k63kuuv318glcds95bi.apps.googleusercontent.com",
              "client_type": 3
            }
          ]
        }
      }
    }
  ],
  "configuration_version": "1"
}